Record Length,2.50E+03,,-0.001,0
Sample Interval,4.00E-06,,-0.000996,0
Trigger Point,2.50E+02,,-0.000992,0
,,,-0.000988,0
,,,-0.000984,0
,,,-0.00098,0
Source,CH2,,-0.000976,0
Vertical Units,V,,-0.000972,0
Vertical Scale,1.00E-01,,-0.000968,0
Vertical Offset,-2.44E-01,,-0.000964,0
Horizontal Units,s,,-0.00096,0
Horizontal Scale,1.00E-03,,-0.000956,0
Pt Fmt,Y,,-0.000952,0
Yzero,0.00E+00,,-0.000948,0
Probe Atten,1.00E+00,,-0.000944,0
Model Number,TDS2022C,,-0.00094,0
Serial Number,C031040,,-0.000936,0
Firmware Version,FV:v24.26,,-0.000932,0
,,,-0.000928,0
,,,-0.000924,0
,,,-0.00092,0
,,,-0.000916,0
,,,-0.000912,0
,,,-0.000908,0
,,,-0.000904,0
,,,-0.0009,0
,,,-0.000896,0
,,,-0.000892,0
,,,-0.000888,0
,,,-0.000884,0
,,,-0.00088,0
,,,-0.000876,0
,,,-0.000872,0
,,,-0.000868,0
,,,-0.000864,0
,,,-0.00086,0
,,,-0.000856,0
,,,-0.000852,0
,,,-0.000848,0
,,,-0.000844,0
,,,-0.00084,0
,,,-0.000836,0
,,,-0.000832,0
,,,-0.000828,0
,,,-0.000824,0
,,,-0.00082,0
,,,-0.000816,0
,,,-0.000812,0
,,,-0.000808,0
,,,-0.000804,0
,,,-0.0008,0
,,,-0.000796,0
,,,-0.000792,0
,,,-0.000788,0
,,,-0.000784,0
,,,-0.00078,0
,,,-0.000776,0
,,,-0.000772,0
,,,-0.000768,0
,,,-0.000764,0
,,,-0.00076,0
,,,-0.000756,0
,,,-0.000752,0
,,,-0.000748,0
,,,-0.000744,0
,,,-0.00074,0
,,,-0.000736,0
,,,-0.000732,0
,,,-0.000728,0
,,,-0.000724,0
,,,-0.00072,0
,,,-0.000716,0
,,,-0.000712,0
,,,-0.000708,0
,,,-0.000704,0
,,,-0.0007,0
,,,-0.000696,0
,,,-0.000692,0
,,,-0.000688,0
,,,-0.000684,0
,,,-0.00068,0
,,,-0.000676,0
,,,-0.000672,0
,,,-0.000668,0
,,,-0.000664,0
,,,-0.00066,0
,,,-0.000656,0
,,,-0.000652,0
,,,-0.000648,0
,,,-0.000644,0
,,,-0.00064,0
,,,-0.000636,0
,,,-0.000632,0
,,,-0.000628,0
,,,-0.000624,0
,,,-0.00062,0
,,,-0.000616,0
,,,-0.000612,0
,,,-0.000608,0
,,,-0.000604,0
,,,-0.0006,0
,,,-0.000596,0
,,,-0.000592,0
,,,-0.000588,0
,,,-0.000584,0
,,,-0.00058,0
,,,-0.000576,0
,,,-0.000572,0
,,,-0.000568,0
,,,-0.000564,0
,,,-0.00056,0
,,,-0.000556,0
,,,-0.000552,0
,,,-0.000548,0
,,,-0.000544,0
,,,-0.00054,0
,,,-0.000536,0
,,,-0.000532,0
,,,-0.000528,0
,,,-0.000524,0
,,,-0.00052,0
,,,-0.000516,0
,,,-0.000512,0
,,,-0.000508,0
,,,-0.000504,0
,,,-0.0005,0
,,,-0.000496,0
,,,-0.000492,0
,,,-0.000488,0
,,,-0.000484,0
,,,-0.00048,0
,,,-0.000476,0
,,,-0.000472,0
,,,-0.000468,0
,,,-0.000464,0
,,,-0.00046,0
,,,-0.000456,0
,,,-0.000452,0
,,,-0.000448,0
,,,-0.000444,0
,,,-0.00044,0
,,,-0.000436,0
,,,-0.000432,0
,,,-0.000428,0
,,,-0.000424,0
,,,-0.00042,0
,,,-0.000416,0
,,,-0.000412,0
,,,-0.000408,0
,,,-0.000404,0
,,,-0.0004,0
,,,-0.000396,0
,,,-0.000392,0
,,,-0.000388,0
,,,-0.000384,0
,,,-0.00038,0
,,,-0.000376,0
,,,-0.000372,0
,,,-0.000368,0
,,,-0.000364,0
,,,-0.00036,0
,,,-0.000356,0
,,,-0.000352,0
,,,-0.000348,0
,,,-0.000344,0
,,,-0.00034,0
,,,-0.000336,0
,,,-0.000332,0
,,,-0.000328,0
,,,-0.000324,0
,,,-0.00032,0
,,,-0.000316,0
,,,-0.000312,0
,,,-0.000308,0
,,,-0.000304,0
,,,-0.0003,0
,,,-0.000296,0
,,,-0.000292,0
,,,-0.000288,0
,,,-0.000284,0
,,,-0.00028,0
,,,-0.000276,0
,,,-0.000272,0
,,,-0.000268,0
,,,-0.000264,0
,,,-0.00026,0
,,,-0.000256,0
,,,-0.000252,0
,,,-0.000248,0
,,,-0.000244,0
,,,-0.00024,0
,,,-0.000236,0
,,,-0.000232,0
,,,-0.000228,0
,,,-0.000224,0
,,,-0.00022,0
,,,-0.000216,0
,,,-0.000212,0
,,,-0.000208,0
,,,-0.000204,0
,,,-0.0002,0
,,,-0.000196,0
,,,-0.000192,0
,,,-0.000188,0
,,,-0.000184,0
,,,-0.00018,0
,,,-0.000176,0
,,,-0.000172,0
,,,-0.000168,0
,,,-0.000164,0
,,,-0.00016,0
,,,-0.000156,0
,,,-0.000152,0
,,,-0.000148,0
,,,-0.000144,0
,,,-0.00014,0
,,,-0.000136,0
,,,-0.000132,0
,,,-0.000128,0
,,,-0.000124,0
,,,-0.00012,0
,,,-0.000116,0
,,,-0.000112,0
,,,-0.000108,0
,,,-0.000104,0
,,,-0.0001,0
,,,-0.000096,0
,,,-0.000092,0
,,,-0.000088,0
,,,-0.000084,0
,,,-0.00008,0
,,,-0.000076,0
,,,-0.000072,0
,,,-0.000068,0
,,,-0.000064,0
,,,-0.00006,0
,,,-0.000056,0
,,,-0.000052,0
,,,-0.000048,0
,,,-0.000044,0
,,,-0.00004,0
,,,-0.000036,0
,,,-0.000032,0
,,,-0.000028,0
,,,-0.000024,0
,,,-0.00002,0
,,,-0.000016,0
,,,-0.000012,0
,,,-0.000008,0
,,,-0.000004,0
,,,0,0
,,,0.000004,0.256
,,,0.000008,0.544
,,,0.000012,0.54
,,,0.000016,0.016
,,,0.00002,0
,,,0.000024,0
,,,0.000028,0
,,,0.000032,0
,,,0.000036,0
,,,0.00004,0
,,,0.000044,0
,,,0.000048,0
,,,0.000052,0
,,,0.000056,0
,,,0.00006,0
,,,0.000064,0
,,,0.000068,0
,,,0.000072,0
,,,0.000076,0
,,,0.00008,0
,,,0.000084,0
,,,0.000088,0
,,,0.000092,0
,,,0.000096,0
,,,0.0001,0
,,,0.000104,0
,,,0.000108,0
,,,0.000112,0
,,,0.000116,0
,,,0.00012,0
,,,0.000124,0
,,,0.000128,0
,,,0.000132,0
,,,0.000136,0
,,,0.00014,0
,,,0.000144,0
,,,0.000148,0
,,,0.000152,0
,,,0.000156,0
,,,0.00016,0
,,,0.000164,0
,,,0.000168,0
,,,0.000172,0
,,,0.000176,0
,,,0.00018,0
,,,0.000184,0
,,,0.000188,0
,,,0.000192,0
,,,0.000196,0
,,,0.0002,0
,,,0.000204,0
,,,0.000208,0
,,,0.000212,0
,,,0.000216,0
,,,0.00022,0
,,,0.000224,0
,,,0.000228,0
,,,0.000232,0
,,,0.000236,0
,,,0.00024,0
,,,0.000244,0
,,,0.000248,0
,,,0.000252,0
,,,0.000256,0
,,,0.00026,0
,,,0.000264,0
,,,0.000268,0
,,,0.000272,0
,,,0.000276,0
,,,0.00028,0
,,,0.000284,0
,,,0.000288,0
,,,0.000292,0
,,,0.000296,0
,,,0.0003,0
,,,0.000304,0
,,,0.000308,0
,,,0.000312,0
,,,0.000316,0
,,,0.00032,0
,,,0.000324,0
,,,0.000328,0
,,,0.000332,0
,,,0.000336,0
,,,0.00034,0
,,,0.000344,0
,,,0.000348,0
,,,0.000352,0
,,,0.000356,0
,,,0.00036,0
,,,0.000364,0
,,,0.000368,0
,,,0.000372,0
,,,0.000376,0
,,,0.00038,0
,,,0.000384,0
,,,0.000388,0
,,,0.000392,0
,,,0.000396,0
,,,0.0004,0
,,,0.000404,0
,,,0.000408,0
,,,0.000412,0
,,,0.000416,0
,,,0.00042,0
,,,0.000424,0
,,,0.000428,0
,,,0.000432,0
,,,0.000436,0
,,,0.00044,0
,,,0.000444,0
,,,0.000448,0
,,,0.000452,0
,,,0.000456,0
,,,0.00046,0
,,,0.000464,0
,,,0.000468,0
,,,0.000472,0
,,,0.000476,0
,,,0.00048,0
,,,0.000484,0
,,,0.000488,0
,,,0.000492,0
,,,0.000496,0
,,,0.0005,0
,,,0.000504,0
,,,0.000508,0
,,,0.000512,0
,,,0.000516,0
,,,0.00052,0
,,,0.000524,0
,,,0.000528,0
,,,0.000532,0
,,,0.000536,0
,,,0.00054,0
,,,0.000544,0
,,,0.000548,0
,,,0.000552,0
,,,0.000556,0
,,,0.00056,0
,,,0.000564,0
,,,0.000568,0
,,,0.000572,0
,,,0.000576,0
,,,0.00058,0
,,,0.000584,0
,,,0.000588,0
,,,0.000592,0
,,,0.000596,0
,,,0.0006,0
,,,0.000604,0
,,,0.000608,0
,,,0.000612,0
,,,0.000616,0
,,,0.00062,0
,,,0.000624,0
,,,0.000628,0
,,,0.000632,0
,,,0.000636,0
,,,0.00064,0
,,,0.000644,0
,,,0.000648,0
,,,0.000652,0
,,,0.000656,0
,,,0.00066,0
,,,0.000664,0
,,,0.000668,0
,,,0.000672,0
,,,0.000676,0
,,,0.00068,0
,,,0.000684,0
,,,0.000688,0
,,,0.000692,0
,,,0.000696,0
,,,0.0007,0
,,,0.000704,0
,,,0.000708,0
,,,0.000712,0
,,,0.000716,0
,,,0.00072,0
,,,0.000724,0
,,,0.000728,0
,,,0.000732,0
,,,0.000736,0
,,,0.00074,0
,,,0.000744,0
,,,0.000748,0
,,,0.000752,0
,,,0.000756,0
,,,0.00076,0
,,,0.000764,0
,,,0.000768,0
,,,0.000772,0
,,,0.000776,0
,,,0.00078,0
,,,0.000784,0
,,,0.000788,0
,,,0.000792,0
,,,0.000796,0
,,,0.0008,0
,,,0.000804,0
,,,0.000808,0
,,,0.000812,0
,,,0.000816,0
,,,0.00082,0
,,,0.000824,0
,,,0.000828,0
,,,0.000832,0
,,,0.000836,0
,,,0.00084,0
,,,0.000844,0
,,,0.000848,0
,,,0.000852,0
,,,0.000856,0
,,,0.00086,0
,,,0.000864,0
,,,0.000868,0
,,,0.000872,0
,,,0.000876,0
,,,0.00088,0
,,,0.000884,0
,,,0.000888,0
,,,0.000892,0
,,,0.000896,0
,,,0.0009,0
,,,0.000904,0
,,,0.000908,0
,,,0.000912,0
,,,0.000916,0
,,,0.00092,0
,,,0.000924,0
,,,0.000928,0
,,,0.000932,0
,,,0.000936,0
,,,0.00094,0
,,,0.000944,0
,,,0.000948,0
,,,0.000952,0
,,,0.000956,0
,,,0.00096,0
,,,0.000964,0
,,,0.000968,0
,,,0.000972,0
,,,0.000976,0
,,,0.00098,0
,,,0.000984,0
,,,0.000988,0
,,,0.000992,0
,,,0.000996,0
,,,0.001,0
,,,0.001004,0
,,,0.001008,0
,,,0.001012,0
,,,0.001016,0
,,,0.00102,0
,,,0.001024,0
,,,0.001028,0
,,,0.001032,0
,,,0.001036,0
,,,0.00104,0
,,,0.001044,0
,,,0.001048,0
,,,0.001052,0
,,,0.001056,0
,,,0.00106,0
,,,0.001064,0
,,,0.001068,0
,,,0.001072,0
,,,0.001076,0
,,,0.00108,0
,,,0.001084,0
,,,0.001088,0
,,,0.001092,0
,,,0.001096,0
,,,0.0011,0
,,,0.001104,0
,,,0.001108,0
,,,0.001112,0
,,,0.001116,0
,,,0.00112,0
,,,0.001124,0
,,,0.001128,0
,,,0.001132,0
,,,0.001136,0
,,,0.00114,0
,,,0.001144,0
,,,0.001148,0
,,,0.001152,0
,,,0.001156,0
,,,0.00116,0
,,,0.001164,0
,,,0.001168,0
,,,0.001172,0
,,,0.001176,0
,,,0.00118,0
,,,0.001184,0
,,,0.001188,0
,,,0.001192,0
,,,0.001196,0
,,,0.0012,0
,,,0.001204,0
,,,0.001208,0
,,,0.001212,0
,,,0.001216,0
,,,0.00122,0
,,,0.001224,0
,,,0.001228,0
,,,0.001232,0
,,,0.001236,0
,,,0.00124,0
,,,0.001244,0
,,,0.001248,0
,,,0.001252,0
,,,0.001256,0
,,,0.00126,0
,,,0.001264,0
,,,0.001268,0
,,,0.001272,0
,,,0.001276,0
,,,0.00128,0
,,,0.001284,0
,,,0.001288,0
,,,0.001292,0
,,,0.001296,0
,,,0.0013,0
,,,0.001304,0
,,,0.001308,0
,,,0.001312,0
,,,0.001316,0
,,,0.00132,0
,,,0.001324,0
,,,0.001328,0
,,,0.001332,0
,,,0.001336,0
,,,0.00134,0
,,,0.001344,0
,,,0.001348,0
,,,0.001352,0
,,,0.001356,0
,,,0.00136,0
,,,0.001364,0
,,,0.001368,0
,,,0.001372,0
,,,0.001376,0
,,,0.00138,0
,,,0.001384,0
,,,0.001388,0
,,,0.001392,0
,,,0.001396,0
,,,0.0014,0
,,,0.001404,0
,,,0.001408,0
,,,0.001412,0
,,,0.001416,0
,,,0.00142,0
,,,0.001424,0
,,,0.001428,0
,,,0.001432,0
,,,0.001436,0
,,,0.00144,0
,,,0.001444,0
,,,0.001448,0
,,,0.001452,0
,,,0.001456,0
,,,0.00146,0
,,,0.001464,0
,,,0.001468,0
,,,0.001472,0
,,,0.001476,0
,,,0.00148,0
,,,0.001484,0
,,,0.001488,0
,,,0.001492,0
,,,0.001496,0
,,,0.0015,0
,,,0.001504,0
,,,0.001508,0
,,,0.001512,0
,,,0.001516,0
,,,0.00152,0
,,,0.001524,0
,,,0.001528,0
,,,0.001532,0
,,,0.001536,0
,,,0.00154,0
,,,0.001544,0
,,,0.001548,0
,,,0.001552,0
,,,0.001556,0
,,,0.00156,0
,,,0.001564,0
,,,0.001568,0
,,,0.001572,0
,,,0.001576,0
,,,0.00158,0
,,,0.001584,0
,,,0.001588,0
,,,0.001592,0
,,,0.001596,0
,,,0.0016,0
,,,0.001604,0
,,,0.001608,0
,,,0.001612,0
,,,0.001616,0
,,,0.00162,0
,,,0.001624,0
,,,0.001628,0
,,,0.001632,0
,,,0.001636,0
,,,0.00164,0
,,,0.001644,0
,,,0.001648,0
,,,0.001652,0
,,,0.001656,0
,,,0.00166,0
,,,0.001664,0
,,,0.001668,0
,,,0.001672,0
,,,0.001676,0
,,,0.00168,0
,,,0.001684,0
,,,0.001688,0
,,,0.001692,0
,,,0.001696,0
,,,0.0017,0
,,,0.001704,0
,,,0.001708,0
,,,0.001712,0
,,,0.001716,0
,,,0.00172,0
,,,0.001724,0
,,,0.001728,0
,,,0.001732,0
,,,0.001736,0
,,,0.00174,0
,,,0.001744,0
,,,0.001748,0
,,,0.001752,0
,,,0.001756,0
,,,0.00176,0
,,,0.001764,0
,,,0.001768,0
,,,0.001772,0
,,,0.001776,0
,,,0.00178,0
,,,0.001784,0
,,,0.001788,0
,,,0.001792,0
,,,0.001796,0
,,,0.0018,0
,,,0.001804,0
,,,0.001808,0
,,,0.001812,0
,,,0.001816,0
,,,0.00182,0
,,,0.001824,0
,,,0.001828,0
,,,0.001832,0
,,,0.001836,0
,,,0.00184,0
,,,0.001844,0
,,,0.001848,0
,,,0.001852,0
,,,0.001856,0
,,,0.00186,0
,,,0.001864,0
,,,0.001868,0
,,,0.001872,0
,,,0.001876,0
,,,0.00188,0
,,,0.001884,0
,,,0.001888,0
,,,0.001892,0
,,,0.001896,0
,,,0.0019,0
,,,0.001904,0
,,,0.001908,0
,,,0.001912,0
,,,0.001916,0
,,,0.00192,0
,,,0.001924,0
,,,0.001928,0
,,,0.001932,0
,,,0.001936,0
,,,0.00194,0
,,,0.001944,0
,,,0.001948,0
,,,0.001952,0
,,,0.001956,0
,,,0.00196,0
,,,0.001964,0
,,,0.001968,0
,,,0.001972,0
,,,0.001976,0
,,,0.00198,0
,,,0.001984,0
,,,0.001988,0
,,,0.001992,0
,,,0.001996,0
,,,0.002,0
,,,0.002004,0
,,,0.002008,0
,,,0.002012,0
,,,0.002016,0
,,,0.00202,0
,,,0.002024,0
,,,0.002028,0
,,,0.002032,0
,,,0.002036,0
,,,0.00204,0
,,,0.002044,0
,,,0.002048,0
,,,0.002052,0
,,,0.002056,0
,,,0.00206,0
,,,0.002064,0
,,,0.002068,0
,,,0.002072,0
,,,0.002076,0
,,,0.00208,0
,,,0.002084,0
,,,0.002088,0
,,,0.002092,0
,,,0.002096,0
,,,0.0021,0
,,,0.002104,0
,,,0.002108,0
,,,0.002112,0
,,,0.002116,0
,,,0.00212,0
,,,0.002124,0
,,,0.002128,0
,,,0.002132,0
,,,0.002136,0
,,,0.00214,0
,,,0.002144,0
,,,0.002148,0
,,,0.002152,0
,,,0.002156,0
,,,0.00216,0
,,,0.002164,0
,,,0.002168,0
,,,0.002172,0
,,,0.002176,0
,,,0.00218,0
,,,0.002184,0
,,,0.002188,0
,,,0.002192,0
,,,0.002196,0
,,,0.0022,0
,,,0.002204,0
,,,0.002208,0
,,,0.002212,0
,,,0.002216,0
,,,0.00222,0
,,,0.002224,0
,,,0.002228,0
,,,0.002232,0
,,,0.002236,0
,,,0.00224,0
,,,0.002244,0
,,,0.002248,0
,,,0.002252,0
,,,0.002256,0
,,,0.00226,0
,,,0.002264,0
,,,0.002268,0
,,,0.002272,0
,,,0.002276,0
,,,0.00228,0
,,,0.002284,0
,,,0.002288,0
,,,0.002292,0
,,,0.002296,0
,,,0.0023,0
,,,0.002304,0
,,,0.002308,0
,,,0.002312,0
,,,0.002316,0
,,,0.00232,0
,,,0.002324,0
,,,0.002328,0
,,,0.002332,0
,,,0.002336,0
,,,0.00234,0
,,,0.002344,0
,,,0.002348,0
,,,0.002352,0
,,,0.002356,0
,,,0.00236,0
,,,0.002364,0
,,,0.002368,0
,,,0.002372,0
,,,0.002376,0
,,,0.00238,0
,,,0.002384,0
,,,0.002388,0
,,,0.002392,0
,,,0.002396,0
,,,0.0024,0
,,,0.002404,0
,,,0.002408,0
,,,0.002412,0
,,,0.002416,0
,,,0.00242,0
,,,0.002424,0
,,,0.002428,0
,,,0.002432,0
,,,0.002436,0
,,,0.00244,0
,,,0.002444,0
,,,0.002448,0
,,,0.002452,0
,,,0.002456,0
,,,0.00246,0
,,,0.002464,0
,,,0.002468,0
,,,0.002472,0
,,,0.002476,0
,,,0.00248,0
,,,0.002484,0
,,,0.002488,0
,,,0.002492,0
,,,0.002496,0
,,,0.0025,0
,,,0.002504,0
,,,0.002508,0
,,,0.002512,0
,,,0.002516,0
,,,0.00252,0
,,,0.002524,0
,,,0.002528,0
,,,0.002532,0
,,,0.002536,0
,,,0.00254,0
,,,0.002544,0
,,,0.002548,0
,,,0.002552,0
,,,0.002556,0
,,,0.00256,0
,,,0.002564,0
,,,0.002568,0
,,,0.002572,0
,,,0.002576,0
,,,0.00258,0
,,,0.002584,0
,,,0.002588,0
,,,0.002592,0
,,,0.002596,0
,,,0.0026,0
,,,0.002604,0
,,,0.002608,0
,,,0.002612,0
,,,0.002616,0
,,,0.00262,0
,,,0.002624,0
,,,0.002628,0
,,,0.002632,0
,,,0.002636,0
,,,0.00264,0
,,,0.002644,0
,,,0.002648,0
,,,0.002652,0
,,,0.002656,0
,,,0.00266,0
,,,0.002664,0
,,,0.002668,0
,,,0.002672,0
,,,0.002676,0
,,,0.00268,0
,,,0.002684,0
,,,0.002688,0
,,,0.002692,0
,,,0.002696,0
,,,0.0027,0
,,,0.002704,0
,,,0.002708,0
,,,0.002712,0
,,,0.002716,0
,,,0.00272,0
,,,0.002724,0
,,,0.002728,0
,,,0.002732,0
,,,0.002736,0
,,,0.00274,0
,,,0.002744,0
,,,0.002748,0
,,,0.002752,0
,,,0.002756,0
,,,0.00276,0
,,,0.002764,0
,,,0.002768,0
,,,0.002772,0
,,,0.002776,0
,,,0.00278,0
,,,0.002784,0
,,,0.002788,0
,,,0.002792,0
,,,0.002796,0
,,,0.0028,0
,,,0.002804,0
,,,0.002808,0
,,,0.002812,0
,,,0.002816,0
,,,0.00282,0
,,,0.002824,0
,,,0.002828,0
,,,0.002832,0
,,,0.002836,0
,,,0.00284,0
,,,0.002844,0
,,,0.002848,0
,,,0.002852,0
,,,0.002856,0
,,,0.00286,0
,,,0.002864,0
,,,0.002868,0
,,,0.002872,0
,,,0.002876,0
,,,0.00288,0
,,,0.002884,0
,,,0.002888,0
,,,0.002892,0
,,,0.002896,0
,,,0.0029,0
,,,0.002904,0
,,,0.002908,0
,,,0.002912,0
,,,0.002916,0
,,,0.00292,0
,,,0.002924,0
,,,0.002928,0
,,,0.002932,0
,,,0.002936,0
,,,0.00294,0
,,,0.002944,0
,,,0.002948,0
,,,0.002952,0
,,,0.002956,0
,,,0.00296,0
,,,0.002964,0
,,,0.002968,0
,,,0.002972,0
,,,0.002976,0
,,,0.00298,0
,,,0.002984,0
,,,0.002988,0
,,,0.002992,0
,,,0.002996,0
,,,0.003,0
,,,0.003004,0
,,,0.003008,0
,,,0.003012,0
,,,0.003016,0
,,,0.00302,0
,,,0.003024,0.44
,,,0.003028,0.54
,,,0.003032,0.54
,,,0.003036,0.54
,,,0.00304,0.54
,,,0.003044,0.116
,,,0.003048,0.004
,,,0.003052,0.004
,,,0.003056,0.004
,,,0.00306,0
,,,0.003064,0
,,,0.003068,0
,,,0.003072,0
,,,0.003076,0
,,,0.00308,0
,,,0.003084,0
,,,0.003088,0
,,,0.003092,0
,,,0.003096,0
,,,0.0031,0
,,,0.003104,0
,,,0.003108,0
,,,0.003112,0
,,,0.003116,0
,,,0.00312,0
,,,0.003124,0
,,,0.003128,0
,,,0.003132,0
,,,0.003136,0
,,,0.00314,0
,,,0.003144,0
,,,0.003148,0
,,,0.003152,0
,,,0.003156,0
,,,0.00316,0
,,,0.003164,0
,,,0.003168,0
,,,0.003172,0
,,,0.003176,0
,,,0.00318,0
,,,0.003184,0
,,,0.003188,0
,,,0.003192,0
,,,0.003196,0
,,,0.0032,0
,,,0.003204,0
,,,0.003208,0
,,,0.003212,0
,,,0.003216,-0.004
,,,0.00322,0
,,,0.003224,0
,,,0.003228,0
,,,0.003232,0
,,,0.003236,0
,,,0.00324,0
,,,0.003244,0
,,,0.003248,0
,,,0.003252,0
,,,0.003256,0
,,,0.00326,0
,,,0.003264,0
,,,0.003268,0
,,,0.003272,0
,,,0.003276,-0.004
,,,0.00328,-0.004
,,,0.003284,0
,,,0.003288,0
,,,0.003292,0
,,,0.003296,0
,,,0.0033,0
,,,0.003304,0
,,,0.003308,-0.004
,,,0.003312,0
,,,0.003316,0
,,,0.00332,0
,,,0.003324,0
,,,0.003328,0
,,,0.003332,0
,,,0.003336,0
,,,0.00334,-0.004
,,,0.003344,0
,,,0.003348,0
,,,0.003352,0
,,,0.003356,0
,,,0.00336,0
,,,0.003364,0
,,,0.003368,-0.004
,,,0.003372,0
,,,0.003376,0
,,,0.00338,0
,,,0.003384,0
,,,0.003388,0
,,,0.003392,0
,,,0.003396,0
,,,0.0034,0
,,,0.003404,0
,,,0.003408,0
,,,0.003412,0
,,,0.003416,0
,,,0.00342,0
,,,0.003424,0
,,,0.003428,0
,,,0.003432,0
,,,0.003436,0
,,,0.00344,0
,,,0.003444,0
,,,0.003448,0
,,,0.003452,0
,,,0.003456,0
,,,0.00346,0
,,,0.003464,0
,,,0.003468,0
,,,0.003472,0
,,,0.003476,0
,,,0.00348,0
,,,0.003484,0
,,,0.003488,0
,,,0.003492,0
,,,0.003496,0
,,,0.0035,0
,,,0.003504,0
,,,0.003508,0
,,,0.003512,0
,,,0.003516,0
,,,0.00352,0
,,,0.003524,0
,,,0.003528,0
,,,0.003532,0
,,,0.003536,0
,,,0.00354,0
,,,0.003544,0
,,,0.003548,0
,,,0.003552,0
,,,0.003556,0
,,,0.00356,0
,,,0.003564,0
,,,0.003568,0
,,,0.003572,0
,,,0.003576,0
,,,0.00358,0
,,,0.003584,0
,,,0.003588,0
,,,0.003592,0
,,,0.003596,0
,,,0.0036,0
,,,0.003604,0
,,,0.003608,0
,,,0.003612,0
,,,0.003616,0
,,,0.00362,0
,,,0.003624,0
,,,0.003628,0
,,,0.003632,0
,,,0.003636,0
,,,0.00364,0
,,,0.003644,0
,,,0.003648,0
,,,0.003652,0
,,,0.003656,0
,,,0.00366,0
,,,0.003664,0
,,,0.003668,0
,,,0.003672,0
,,,0.003676,0
,,,0.00368,0
,,,0.003684,0
,,,0.003688,0
,,,0.003692,0
,,,0.003696,0
,,,0.0037,0
,,,0.003704,0
,,,0.003708,0
,,,0.003712,0
,,,0.003716,0
,,,0.00372,0
,,,0.003724,0
,,,0.003728,0
,,,0.003732,0
,,,0.003736,0
,,,0.00374,0
,,,0.003744,0
,,,0.003748,0
,,,0.003752,0
,,,0.003756,0
,,,0.00376,0
,,,0.003764,0
,,,0.003768,0
,,,0.003772,0
,,,0.003776,0
,,,0.00378,0
,,,0.003784,0
,,,0.003788,0
,,,0.003792,0
,,,0.003796,0
,,,0.0038,0
,,,0.003804,0
,,,0.003808,0
,,,0.003812,-0.004
,,,0.003816,0
,,,0.00382,0
,,,0.003824,0
,,,0.003828,0
,,,0.003832,0
,,,0.003836,0
,,,0.00384,0
,,,0.003844,0
,,,0.003848,0
,,,0.003852,0
,,,0.003856,0
,,,0.00386,0
,,,0.003864,0
,,,0.003868,0
,,,0.003872,0
,,,0.003876,0
,,,0.00388,0
,,,0.003884,0
,,,0.003888,0
,,,0.003892,0
,,,0.003896,0
,,,0.0039,0
,,,0.003904,0
,,,0.003908,0
,,,0.003912,0
,,,0.003916,0
,,,0.00392,0
,,,0.003924,0
,,,0.003928,0
,,,0.003932,0
,,,0.003936,0
,,,0.00394,0
,,,0.003944,0
,,,0.003948,0
,,,0.003952,0
,,,0.003956,0
,,,0.00396,0
,,,0.003964,0
,,,0.003968,0
,,,0.003972,0
,,,0.003976,0
,,,0.00398,0
,,,0.003984,0
,,,0.003988,0
,,,0.003992,0
,,,0.003996,0
,,,0.004,0
,,,0.004004,0
,,,0.004008,0
,,,0.004012,0
,,,0.004016,0
,,,0.00402,0
,,,0.004024,0
,,,0.004028,0
,,,0.004032,0
,,,0.004036,0
,,,0.00404,0
,,,0.004044,0
,,,0.004048,0
,,,0.004052,0
,,,0.004056,0
,,,0.00406,0
,,,0.004064,0
,,,0.004068,0
,,,0.004072,0
,,,0.004076,0
,,,0.00408,0
,,,0.004084,0
,,,0.004088,0
,,,0.004092,0
,,,0.004096,0
,,,0.0041,0
,,,0.004104,0
,,,0.004108,0
,,,0.004112,0
,,,0.004116,0
,,,0.00412,0
,,,0.004124,0
,,,0.004128,0
,,,0.004132,0
,,,0.004136,0
,,,0.00414,0
,,,0.004144,0
,,,0.004148,0
,,,0.004152,0
,,,0.004156,0
,,,0.00416,0
,,,0.004164,0
,,,0.004168,0
,,,0.004172,0
,,,0.004176,0
,,,0.00418,0
,,,0.004184,0
,,,0.004188,0
,,,0.004192,0
,,,0.004196,0
,,,0.0042,0
,,,0.004204,0
,,,0.004208,0
,,,0.004212,0
,,,0.004216,0
,,,0.00422,0
,,,0.004224,0
,,,0.004228,0
,,,0.004232,0
,,,0.004236,0
,,,0.00424,0
,,,0.004244,0
,,,0.004248,0
,,,0.004252,0
,,,0.004256,0
,,,0.00426,0
,,,0.004264,0
,,,0.004268,0
,,,0.004272,0
,,,0.004276,0
,,,0.00428,0
,,,0.004284,0
,,,0.004288,0
,,,0.004292,0
,,,0.004296,0
,,,0.0043,0
,,,0.004304,0
,,,0.004308,0
,,,0.004312,0
,,,0.004316,0
,,,0.00432,0
,,,0.004324,0
,,,0.004328,0
,,,0.004332,0
,,,0.004336,0
,,,0.00434,0
,,,0.004344,0
,,,0.004348,0
,,,0.004352,0
,,,0.004356,0
,,,0.00436,0
,,,0.004364,0
,,,0.004368,0
,,,0.004372,0
,,,0.004376,0
,,,0.00438,0
,,,0.004384,0
,,,0.004388,0
,,,0.004392,0
,,,0.004396,0
,,,0.0044,0
,,,0.004404,0
,,,0.004408,0
,,,0.004412,0
,,,0.004416,0
,,,0.00442,0
,,,0.004424,0
,,,0.004428,0
,,,0.004432,0
,,,0.004436,0
,,,0.00444,0
,,,0.004444,0
,,,0.004448,0
,,,0.004452,0
,,,0.004456,0
,,,0.00446,0
,,,0.004464,0
,,,0.004468,0
,,,0.004472,0
,,,0.004476,0
,,,0.00448,0
,,,0.004484,0
,,,0.004488,0
,,,0.004492,0
,,,0.004496,0
,,,0.0045,0
,,,0.004504,0
,,,0.004508,0
,,,0.004512,0
,,,0.004516,0
,,,0.00452,0
,,,0.004524,0
,,,0.004528,0
,,,0.004532,0
,,,0.004536,0
,,,0.00454,0
,,,0.004544,0
,,,0.004548,0
,,,0.004552,0
,,,0.004556,0
,,,0.00456,0
,,,0.004564,0
,,,0.004568,0
,,,0.004572,0
,,,0.004576,0
,,,0.00458,0
,,,0.004584,0
,,,0.004588,0
,,,0.004592,0
,,,0.004596,0
,,,0.0046,0
,,,0.004604,0
,,,0.004608,0
,,,0.004612,0
,,,0.004616,0
,,,0.00462,0
,,,0.004624,0
,,,0.004628,0
,,,0.004632,0
,,,0.004636,0
,,,0.00464,0
,,,0.004644,0
,,,0.004648,0
,,,0.004652,0
,,,0.004656,0
,,,0.00466,0
,,,0.004664,0
,,,0.004668,0
,,,0.004672,0
,,,0.004676,0
,,,0.00468,0
,,,0.004684,0
,,,0.004688,0
,,,0.004692,0
,,,0.004696,0
,,,0.0047,0
,,,0.004704,0
,,,0.004708,0
,,,0.004712,0
,,,0.004716,0
,,,0.00472,0
,,,0.004724,0
,,,0.004728,0
,,,0.004732,0
,,,0.004736,0
,,,0.00474,0
,,,0.004744,0
,,,0.004748,0
,,,0.004752,0
,,,0.004756,0
,,,0.00476,0
,,,0.004764,0
,,,0.004768,0
,,,0.004772,0
,,,0.004776,0
,,,0.00478,0
,,,0.004784,0
,,,0.004788,0
,,,0.004792,0
,,,0.004796,0
,,,0.0048,0
,,,0.004804,0
,,,0.004808,0
,,,0.004812,0
,,,0.004816,0
,,,0.00482,0
,,,0.004824,0
,,,0.004828,0
,,,0.004832,0
,,,0.004836,0
,,,0.00484,0
,,,0.004844,0
,,,0.004848,0
,,,0.004852,0
,,,0.004856,0
,,,0.00486,0
,,,0.004864,0
,,,0.004868,0
,,,0.004872,0
,,,0.004876,0
,,,0.00488,0
,,,0.004884,0
,,,0.004888,0
,,,0.004892,0
,,,0.004896,0
,,,0.0049,0
,,,0.004904,0
,,,0.004908,0
,,,0.004912,0
,,,0.004916,0
,,,0.00492,0
,,,0.004924,0
,,,0.004928,0
,,,0.004932,0
,,,0.004936,0
,,,0.00494,0
,,,0.004944,0
,,,0.004948,0
,,,0.004952,0
,,,0.004956,0
,,,0.00496,0
,,,0.004964,0
,,,0.004968,0
,,,0.004972,0
,,,0.004976,0
,,,0.00498,0
,,,0.004984,0
,,,0.004988,0
,,,0.004992,0
,,,0.004996,0
,,,0.005,0
,,,0.005004,0
,,,0.005008,0
,,,0.005012,0
,,,0.005016,0
,,,0.00502,0
,,,0.005024,0
,,,0.005028,0
,,,0.005032,0
,,,0.005036,0
,,,0.00504,0
,,,0.005044,0
,,,0.005048,0
,,,0.005052,0
,,,0.005056,0
,,,0.00506,0
,,,0.005064,0
,,,0.005068,0
,,,0.005072,0
,,,0.005076,0
,,,0.00508,0
,,,0.005084,0
,,,0.005088,0
,,,0.005092,0
,,,0.005096,0
,,,0.0051,0
,,,0.005104,0
,,,0.005108,0
,,,0.005112,0
,,,0.005116,0
,,,0.00512,0
,,,0.005124,0
,,,0.005128,0
,,,0.005132,0
,,,0.005136,0
,,,0.00514,0
,,,0.005144,0
,,,0.005148,0
,,,0.005152,0
,,,0.005156,0
,,,0.00516,0
,,,0.005164,0
,,,0.005168,0
,,,0.005172,0
,,,0.005176,0
,,,0.00518,0
,,,0.005184,0
,,,0.005188,0
,,,0.005192,0
,,,0.005196,0
,,,0.0052,0
,,,0.005204,0
,,,0.005208,0
,,,0.005212,0
,,,0.005216,0
,,,0.00522,0
,,,0.005224,0
,,,0.005228,0
,,,0.005232,0
,,,0.005236,0
,,,0.00524,0
,,,0.005244,0
,,,0.005248,0
,,,0.005252,0
,,,0.005256,0
,,,0.00526,0
,,,0.005264,0
,,,0.005268,0
,,,0.005272,0
,,,0.005276,0
,,,0.00528,0
,,,0.005284,0
,,,0.005288,0
,,,0.005292,0
,,,0.005296,0
,,,0.0053,0
,,,0.005304,0
,,,0.005308,0
,,,0.005312,0
,,,0.005316,0
,,,0.00532,0
,,,0.005324,0
,,,0.005328,0
,,,0.005332,0
,,,0.005336,0
,,,0.00534,0
,,,0.005344,0
,,,0.005348,0
,,,0.005352,0
,,,0.005356,0
,,,0.00536,0
,,,0.005364,0
,,,0.005368,0
,,,0.005372,0
,,,0.005376,0
,,,0.00538,0
,,,0.005384,0
,,,0.005388,0
,,,0.005392,0
,,,0.005396,0
,,,0.0054,0
,,,0.005404,0
,,,0.005408,0
,,,0.005412,0
,,,0.005416,0
,,,0.00542,0
,,,0.005424,0
,,,0.005428,0
,,,0.005432,0
,,,0.005436,0
,,,0.00544,0
,,,0.005444,0
,,,0.005448,0
,,,0.005452,0
,,,0.005456,0
,,,0.00546,0
,,,0.005464,0
,,,0.005468,0
,,,0.005472,0
,,,0.005476,0
,,,0.00548,0
,,,0.005484,0
,,,0.005488,0
,,,0.005492,0
,,,0.005496,0
,,,0.0055,0
,,,0.005504,0
,,,0.005508,0
,,,0.005512,0
,,,0.005516,0
,,,0.00552,0
,,,0.005524,0
,,,0.005528,0
,,,0.005532,0
,,,0.005536,0
,,,0.00554,0
,,,0.005544,0
,,,0.005548,0
,,,0.005552,0
,,,0.005556,0
,,,0.00556,0
,,,0.005564,0
,,,0.005568,0
,,,0.005572,0
,,,0.005576,0
,,,0.00558,0
,,,0.005584,0
,,,0.005588,0
,,,0.005592,0
,,,0.005596,0
,,,0.0056,0
,,,0.005604,0
,,,0.005608,0
,,,0.005612,0
,,,0.005616,0
,,,0.00562,0
,,,0.005624,0
,,,0.005628,0
,,,0.005632,0
,,,0.005636,0
,,,0.00564,0
,,,0.005644,0
,,,0.005648,0
,,,0.005652,0
,,,0.005656,0
,,,0.00566,0
,,,0.005664,0
,,,0.005668,0
,,,0.005672,0
,,,0.005676,0
,,,0.00568,0
,,,0.005684,0
,,,0.005688,0
,,,0.005692,0
,,,0.005696,0
,,,0.0057,0
,,,0.005704,0
,,,0.005708,0
,,,0.005712,0
,,,0.005716,0
,,,0.00572,0
,,,0.005724,0
,,,0.005728,0
,,,0.005732,0
,,,0.005736,0
,,,0.00574,0
,,,0.005744,0
,,,0.005748,0
,,,0.005752,0
,,,0.005756,0
,,,0.00576,0
,,,0.005764,0
,,,0.005768,0
,,,0.005772,0
,,,0.005776,0
,,,0.00578,0
,,,0.005784,0
,,,0.005788,0
,,,0.005792,0
,,,0.005796,0
,,,0.0058,0
,,,0.005804,0
,,,0.005808,0
,,,0.005812,0
,,,0.005816,0
,,,0.00582,0
,,,0.005824,0
,,,0.005828,0
,,,0.005832,0
,,,0.005836,0
,,,0.00584,0
,,,0.005844,0
,,,0.005848,0
,,,0.005852,0
,,,0.005856,0
,,,0.00586,0
,,,0.005864,0
,,,0.005868,0
,,,0.005872,0
,,,0.005876,0
,,,0.00588,0
,,,0.005884,0
,,,0.005888,0
,,,0.005892,0
,,,0.005896,0
,,,0.0059,0
,,,0.005904,0
,,,0.005908,0
,,,0.005912,0
,,,0.005916,0
,,,0.00592,0
,,,0.005924,0
,,,0.005928,0
,,,0.005932,0
,,,0.005936,0
,,,0.00594,0
,,,0.005944,0
,,,0.005948,0
,,,0.005952,0
,,,0.005956,0
,,,0.00596,0
,,,0.005964,0
,,,0.005968,0
,,,0.005972,0
,,,0.005976,0
,,,0.00598,0
,,,0.005984,0
,,,0.005988,0
,,,0.005992,0
,,,0.005996,0
,,,0.006,0
,,,0.006004,0
,,,0.006008,0
,,,0.006012,0
,,,0.006016,0
,,,0.00602,0
,,,0.006024,0
,,,0.006028,0
,,,0.006032,0
,,,0.006036,0
,,,0.00604,0
,,,0.006044,0
,,,0.006048,0
,,,0.006052,0
,,,0.006056,0
,,,0.00606,0
,,,0.006064,0
,,,0.006068,0
,,,0.006072,0
,,,0.006076,0
,,,0.00608,0
,,,0.006084,0
,,,0.006088,0
,,,0.006092,0
,,,0.006096,0
,,,0.0061,0
,,,0.006104,0
,,,0.006108,0
,,,0.006112,0
,,,0.006116,0
,,,0.00612,0
,,,0.006124,0
,,,0.006128,0
,,,0.006132,0
,,,0.006136,0
,,,0.00614,0
,,,0.006144,0
,,,0.006148,0
,,,0.006152,0
,,,0.006156,0
,,,0.00616,0
,,,0.006164,0
,,,0.006168,0
,,,0.006172,0
,,,0.006176,0
,,,0.00618,0
,,,0.006184,0
,,,0.006188,0
,,,0.006192,0
,,,0.006196,0
,,,0.0062,0
,,,0.006204,0
,,,0.006208,0
,,,0.006212,0
,,,0.006216,0
,,,0.00622,0
,,,0.006224,0
,,,0.006228,0
,,,0.006232,0
,,,0.006236,0
,,,0.00624,0
,,,0.006244,0
,,,0.006248,0
,,,0.006252,0
,,,0.006256,0
,,,0.00626,0
,,,0.006264,0
,,,0.006268,0
,,,0.006272,0
,,,0.006276,0
,,,0.00628,0
,,,0.006284,0
,,,0.006288,0
,,,0.006292,0
,,,0.006296,0
,,,0.0063,0
,,,0.006304,0
,,,0.006308,0
,,,0.006312,0
,,,0.006316,0
,,,0.00632,0
,,,0.006324,0
,,,0.006328,0
,,,0.006332,0
,,,0.006336,0
,,,0.00634,0
,,,0.006344,0
,,,0.006348,0
,,,0.006352,0
,,,0.006356,0
,,,0.00636,0
,,,0.006364,0
,,,0.006368,0
,,,0.006372,0
,,,0.006376,0
,,,0.00638,0
,,,0.006384,0
,,,0.006388,0
,,,0.006392,0
,,,0.006396,0
,,,0.0064,0
,,,0.006404,0
,,,0.006408,0
,,,0.006412,0
,,,0.006416,0
,,,0.00642,0
,,,0.006424,0
,,,0.006428,0
,,,0.006432,0
,,,0.006436,0
,,,0.00644,0
,,,0.006444,0
,,,0.006448,0
,,,0.006452,0
,,,0.006456,0
,,,0.00646,0
,,,0.006464,0
,,,0.006468,0
,,,0.006472,0
,,,0.006476,0
,,,0.00648,0
,,,0.006484,0
,,,0.006488,0
,,,0.006492,0
,,,0.006496,0
,,,0.0065,0
,,,0.006504,0
,,,0.006508,0
,,,0.006512,0
,,,0.006516,0
,,,0.00652,0
,,,0.006524,0
,,,0.006528,0
,,,0.006532,0
,,,0.006536,0
,,,0.00654,0
,,,0.006544,0
,,,0.006548,0
,,,0.006552,0
,,,0.006556,0
,,,0.00656,0
,,,0.006564,0
,,,0.006568,0
,,,0.006572,0
,,,0.006576,0
,,,0.00658,0
,,,0.006584,0
,,,0.006588,0
,,,0.006592,0
,,,0.006596,0
,,,0.0066,0
,,,0.006604,0
,,,0.006608,0
,,,0.006612,0
,,,0.006616,0
,,,0.00662,0
,,,0.006624,0
,,,0.006628,0
,,,0.006632,0
,,,0.006636,0
,,,0.00664,0
,,,0.006644,0
,,,0.006648,0
,,,0.006652,0
,,,0.006656,0
,,,0.00666,0
,,,0.006664,0
,,,0.006668,0
,,,0.006672,0
,,,0.006676,0
,,,0.00668,0
,,,0.006684,0
,,,0.006688,0
,,,0.006692,0
,,,0.006696,0
,,,0.0067,0
,,,0.006704,0
,,,0.006708,0
,,,0.006712,0
,,,0.006716,0
,,,0.00672,0
,,,0.006724,0
,,,0.006728,0
,,,0.006732,0
,,,0.006736,0
,,,0.00674,0
,,,0.006744,0
,,,0.006748,0
,,,0.006752,0
,,,0.006756,0
,,,0.00676,0
,,,0.006764,0
,,,0.006768,0
,,,0.006772,0
,,,0.006776,0
,,,0.00678,0
,,,0.006784,0
,,,0.006788,0
,,,0.006792,0
,,,0.006796,0
,,,0.0068,0
,,,0.006804,0
,,,0.006808,0
,,,0.006812,0
,,,0.006816,0
,,,0.00682,0
,,,0.006824,0
,,,0.006828,0
,,,0.006832,0
,,,0.006836,0
,,,0.00684,0
,,,0.006844,0
,,,0.006848,0
,,,0.006852,0
,,,0.006856,0
,,,0.00686,0
,,,0.006864,0
,,,0.006868,0
,,,0.006872,0
,,,0.006876,0
,,,0.00688,0
,,,0.006884,0
,,,0.006888,0
,,,0.006892,0
,,,0.006896,0
,,,0.0069,0
,,,0.006904,0
,,,0.006908,0
,,,0.006912,0
,,,0.006916,0
,,,0.00692,0
,,,0.006924,0
,,,0.006928,0
,,,0.006932,0
,,,0.006936,0
,,,0.00694,0
,,,0.006944,0
,,,0.006948,0
,,,0.006952,0
,,,0.006956,0
,,,0.00696,0
,,,0.006964,0
,,,0.006968,0
,,,0.006972,0
,,,0.006976,0
,,,0.00698,0
,,,0.006984,0
,,,0.006988,0
,,,0.006992,0
,,,0.006996,0
,,,0.007,0
,,,0.007004,0
,,,0.007008,0
,,,0.007012,0
,,,0.007016,0
,,,0.00702,0
,,,0.007024,0
,,,0.007028,0
,,,0.007032,0
,,,0.007036,0
,,,0.00704,0
,,,0.007044,0
,,,0.007048,0
,,,0.007052,0
,,,0.007056,0
,,,0.00706,0
,,,0.007064,0
,,,0.007068,0
,,,0.007072,0
,,,0.007076,0
,,,0.00708,0
,,,0.007084,0
,,,0.007088,0
,,,0.007092,0
,,,0.007096,0
,,,0.0071,0
,,,0.007104,0
,,,0.007108,0
,,,0.007112,0
,,,0.007116,0
,,,0.00712,0
,,,0.007124,0
,,,0.007128,0
,,,0.007132,0
,,,0.007136,0
,,,0.00714,0
,,,0.007144,0
,,,0.007148,0
,,,0.007152,0
,,,0.007156,0
,,,0.00716,0
,,,0.007164,0
,,,0.007168,0
,,,0.007172,0
,,,0.007176,0
,,,0.00718,0
,,,0.007184,0
,,,0.007188,0
,,,0.007192,0
,,,0.007196,0
,,,0.0072,0
,,,0.007204,0
,,,0.007208,0
,,,0.007212,0
,,,0.007216,0
,,,0.00722,0
,,,0.007224,0
,,,0.007228,0
,,,0.007232,0
,,,0.007236,0
,,,0.00724,0
,,,0.007244,0
,,,0.007248,0
,,,0.007252,0
,,,0.007256,0
,,,0.00726,0
,,,0.007264,0
,,,0.007268,0
,,,0.007272,0
,,,0.007276,0
,,,0.00728,0
,,,0.007284,0
,,,0.007288,0
,,,0.007292,0
,,,0.007296,0
,,,0.0073,0
,,,0.007304,0
,,,0.007308,0
,,,0.007312,0
,,,0.007316,0
,,,0.00732,0
,,,0.007324,0
,,,0.007328,0
,,,0.007332,0
,,,0.007336,0
,,,0.00734,0
,,,0.007344,0
,,,0.007348,0
,,,0.007352,0
,,,0.007356,0
,,,0.00736,0
,,,0.007364,0
,,,0.007368,0
,,,0.007372,0
,,,0.007376,0
,,,0.00738,0
,,,0.007384,0
,,,0.007388,0
,,,0.007392,0
,,,0.007396,0
,,,0.0074,0
,,,0.007404,0
,,,0.007408,0
,,,0.007412,0
,,,0.007416,0
,,,0.00742,0
,,,0.007424,0
,,,0.007428,0
,,,0.007432,0
,,,0.007436,0
,,,0.00744,0
,,,0.007444,0
,,,0.007448,0
,,,0.007452,0
,,,0.007456,0
,,,0.00746,0
,,,0.007464,0
,,,0.007468,0
,,,0.007472,0
,,,0.007476,0
,,,0.00748,0
,,,0.007484,0
,,,0.007488,0
,,,0.007492,0
,,,0.007496,0
,,,0.0075,0
,,,0.007504,0
,,,0.007508,0
,,,0.007512,0
,,,0.007516,0
,,,0.00752,0
,,,0.007524,0
,,,0.007528,0
,,,0.007532,0
,,,0.007536,0
,,,0.00754,0
,,,0.007544,0
,,,0.007548,0
,,,0.007552,0
,,,0.007556,0
,,,0.00756,0
,,,0.007564,0
,,,0.007568,0
,,,0.007572,0
,,,0.007576,0
,,,0.00758,0
,,,0.007584,0
,,,0.007588,0
,,,0.007592,0
,,,0.007596,0
,,,0.0076,0
,,,0.007604,0
,,,0.007608,0
,,,0.007612,0
,,,0.007616,0
,,,0.00762,0
,,,0.007624,0
,,,0.007628,0
,,,0.007632,0
,,,0.007636,0
,,,0.00764,0
,,,0.007644,0
,,,0.007648,0
,,,0.007652,0
,,,0.007656,0
,,,0.00766,0
,,,0.007664,0
,,,0.007668,0
,,,0.007672,0
,,,0.007676,0
,,,0.00768,0
,,,0.007684,0
,,,0.007688,0
,,,0.007692,0
,,,0.007696,0
,,,0.0077,0
,,,0.007704,0
,,,0.007708,0
,,,0.007712,0
,,,0.007716,0
,,,0.00772,0
,,,0.007724,0
,,,0.007728,0
,,,0.007732,0
,,,0.007736,0
,,,0.00774,0
,,,0.007744,0
,,,0.007748,0
,,,0.007752,0
,,,0.007756,0
,,,0.00776,0
,,,0.007764,0
,,,0.007768,0
,,,0.007772,0
,,,0.007776,0
,,,0.00778,0
,,,0.007784,0
,,,0.007788,0
,,,0.007792,0
,,,0.007796,0
,,,0.0078,0
,,,0.007804,0
,,,0.007808,0
,,,0.007812,0
,,,0.007816,0
,,,0.00782,0
,,,0.007824,0
,,,0.007828,0
,,,0.007832,0
,,,0.007836,0
,,,0.00784,0
,,,0.007844,0
,,,0.007848,0
,,,0.007852,0
,,,0.007856,0
,,,0.00786,0
,,,0.007864,0
,,,0.007868,0
,,,0.007872,0
,,,0.007876,0
,,,0.00788,0
,,,0.007884,0
,,,0.007888,0
,,,0.007892,0
,,,0.007896,0
,,,0.0079,0
,,,0.007904,0
,,,0.007908,0
,,,0.007912,0
,,,0.007916,0
,,,0.00792,0
,,,0.007924,0
,,,0.007928,0
,,,0.007932,0
,,,0.007936,0
,,,0.00794,0
,,,0.007944,0
,,,0.007948,0
,,,0.007952,0
,,,0.007956,0
,,,0.00796,0
,,,0.007964,0
,,,0.007968,0
,,,0.007972,0
,,,0.007976,0
,,,0.00798,0
,,,0.007984,0
,,,0.007988,0
,,,0.007992,0
,,,0.007996,0
,,,0.008,0
,,,0.008004,0
,,,0.008008,0
,,,0.008012,0
,,,0.008016,0
,,,0.00802,0
,,,0.008024,0
,,,0.008028,0
,,,0.008032,0
,,,0.008036,0
,,,0.00804,0
,,,0.008044,0
,,,0.008048,0
,,,0.008052,0
,,,0.008056,0
,,,0.00806,0
,,,0.008064,0
,,,0.008068,0
,,,0.008072,0
,,,0.008076,0
,,,0.00808,0
,,,0.008084,0
,,,0.008088,0
,,,0.008092,0
,,,0.008096,0
,,,0.0081,0
,,,0.008104,0
,,,0.008108,0
,,,0.008112,0
,,,0.008116,0
,,,0.00812,0
,,,0.008124,0
,,,0.008128,0
,,,0.008132,0
,,,0.008136,0
,,,0.00814,0
,,,0.008144,0
,,,0.008148,0
,,,0.008152,0
,,,0.008156,0
,,,0.00816,0
,,,0.008164,0
,,,0.008168,0
,,,0.008172,0
,,,0.008176,0
,,,0.00818,0
,,,0.008184,0
,,,0.008188,0
,,,0.008192,0
,,,0.008196,0
,,,0.0082,0
,,,0.008204,0
,,,0.008208,0
,,,0.008212,0
,,,0.008216,0
,,,0.00822,0
,,,0.008224,0
,,,0.008228,0
,,,0.008232,0
,,,0.008236,0
,,,0.00824,0
,,,0.008244,0
,,,0.008248,0
,,,0.008252,0
,,,0.008256,0
,,,0.00826,0
,,,0.008264,0
,,,0.008268,0
,,,0.008272,0
,,,0.008276,0
,,,0.00828,0
,,,0.008284,0
,,,0.008288,0
,,,0.008292,0
,,,0.008296,0
,,,0.0083,0
,,,0.008304,0
,,,0.008308,0
,,,0.008312,0
,,,0.008316,0
,,,0.00832,0
,,,0.008324,0
,,,0.008328,0
,,,0.008332,0
,,,0.008336,0
,,,0.00834,0
,,,0.008344,0
,,,0.008348,0
,,,0.008352,0
,,,0.008356,0
,,,0.00836,0
,,,0.008364,0
,,,0.008368,0
,,,0.008372,0
,,,0.008376,0
,,,0.00838,0
,,,0.008384,0
,,,0.008388,0
,,,0.008392,0
,,,0.008396,0
,,,0.0084,0
,,,0.008404,0
,,,0.008408,0
,,,0.008412,0
,,,0.008416,0
,,,0.00842,0
,,,0.008424,0
,,,0.008428,0
,,,0.008432,0
,,,0.008436,0
,,,0.00844,0
,,,0.008444,0
,,,0.008448,0
,,,0.008452,0
,,,0.008456,0
,,,0.00846,0
,,,0.008464,0
,,,0.008468,0
,,,0.008472,0
,,,0.008476,0
,,,0.00848,0
,,,0.008484,0
,,,0.008488,0
,,,0.008492,0
,,,0.008496,0
,,,0.0085,0
,,,0.008504,0
,,,0.008508,0
,,,0.008512,0
,,,0.008516,0
,,,0.00852,0
,,,0.008524,0
,,,0.008528,0
,,,0.008532,0
,,,0.008536,0
,,,0.00854,0
,,,0.008544,0
,,,0.008548,0
,,,0.008552,0
,,,0.008556,0
,,,0.00856,0
,,,0.008564,0
,,,0.008568,0
,,,0.008572,0
,,,0.008576,0
,,,0.00858,0
,,,0.008584,0
,,,0.008588,0
,,,0.008592,0
,,,0.008596,0
,,,0.0086,0
,,,0.008604,0
,,,0.008608,0
,,,0.008612,0
,,,0.008616,0
,,,0.00862,0
,,,0.008624,0
,,,0.008628,0
,,,0.008632,0
,,,0.008636,0
,,,0.00864,0
,,,0.008644,0
,,,0.008648,0
,,,0.008652,0
,,,0.008656,0
,,,0.00866,0
,,,0.008664,0
,,,0.008668,0
,,,0.008672,0
,,,0.008676,0
,,,0.00868,0
,,,0.008684,0
,,,0.008688,0
,,,0.008692,0
,,,0.008696,0
,,,0.0087,0
,,,0.008704,0
,,,0.008708,0
,,,0.008712,0
,,,0.008716,0
,,,0.00872,0
,,,0.008724,0
,,,0.008728,0
,,,0.008732,0
,,,0.008736,0
,,,0.00874,0
,,,0.008744,0
,,,0.008748,0
,,,0.008752,0
,,,0.008756,0
,,,0.00876,0
,,,0.008764,0
,,,0.008768,0
,,,0.008772,0
,,,0.008776,0
,,,0.00878,0
,,,0.008784,0
,,,0.008788,0
,,,0.008792,0
,,,0.008796,0
,,,0.0088,0
,,,0.008804,0
,,,0.008808,0
,,,0.008812,0
,,,0.008816,0
,,,0.00882,0
,,,0.008824,0
,,,0.008828,0
,,,0.008832,0
,,,0.008836,0
,,,0.00884,0
,,,0.008844,0
,,,0.008848,0
,,,0.008852,0
,,,0.008856,0
,,,0.00886,0
,,,0.008864,0
,,,0.008868,0
,,,0.008872,0
,,,0.008876,0
,,,0.00888,0
,,,0.008884,0
,,,0.008888,0
,,,0.008892,0
,,,0.008896,0
,,,0.0089,0
,,,0.008904,0
,,,0.008908,0
,,,0.008912,0
,,,0.008916,0
,,,0.00892,0
,,,0.008924,0
,,,0.008928,0
,,,0.008932,0
,,,0.008936,0
,,,0.00894,0
,,,0.008944,0
,,,0.008948,0
,,,0.008952,0
,,,0.008956,0
,,,0.00896,0
,,,0.008964,0
,,,0.008968,0
,,,0.008972,0
,,,0.008976,0
,,,0.00898,0
,,,0.008984,0
,,,0.008988,0
,,,0.008992,0
,,,0.008996,0
